{"cameraMode":{"drawMode":0,"name":"Shaded","section":"Shading Mode"},"sceneLighting":true,"audioPlay":false,"sceneViewState":{"showFog":true,"showMaterialUpdate":false,"showSkybox":true,"showFlares":true,"showImageEffects":true,"showParticleSystems":true},"in2DMode":false,"pivot":{"x":2.6317224502563478,"y":4.918381690979004,"z":4.889686584472656},"rotation":{"x":-0.0972483828663826,"y":0.902643084526062,"z":-0.3049575090408325,"w":-0.2878434658050537},"size":199.98719787597657,"orthographic":false}