{"cameraMode":{"drawMode":0,"name":"Shaded","section":"Shading Mode"},"sceneLighting":true,"audioPlay":false,"sceneViewState":{"showFog":true,"showMaterialUpdate":false,"showSkybox":true,"showFlares":true,"showImageEffects":true,"showParticleSystems":true},"in2DMode":false,"pivot":{"x":1.5240697860717774,"y":0.9334503412246704,"z":8.705988883972168},"rotation":{"x":-0.1371666043996811,"y":0.8627097010612488,"z":-0.3534168303012848,"w":-0.3348027765750885},"size":9.47852897644043,"orthographic":false}